Cluster_Observables_Vector,Stress Level,Sleep Hours,Therapy Sessions,Physical Activity,Smoking,Caffeine Intake
0,0.8263950398582817,0.1550044286979628,0.7142997736443263,0.18748154709182166,0.37348686152937705,0.7348045384172913
1,0.5845021078144205,0.515687997518867,0.42508930930310024,0.4123229608187739,0.3433267858988938,0.5380332533270327
2,0.3758140691026597,0.7012024608501118,0.24168530947054434,0.6216778523489933,0.41185682326621925,0.3706739046808066
